filename,FoulResCS,FoulResHS,RunStatus,HeatTranRatClean,HeatTranRatDirty,HeatTranRatService,AreaRatioClean,AreaRatioDirty,HtLdTotal,DutyRatio,PresDropCalcSS,PresDropCalcTS,PresDropAlloSS,PresDropAlloTS,DPratioSS,DPratioTS,TempInSS,TempOutSS,TempInTS,TempOutTS,FlRaTotalSS,FlRaTotalTS,VelThruTubesMaxTS,VelCrossFlowMaxSS,RV2BundleEnt,RV2InNoz,RV2ShlEnt,FoulMaxSS,FoulMaxTS,FoulResSS,FoulResTS,LMTD,MTDCorrFactor,ExcessSurfClean,ExcessSurfDirty,TubeNum,TubeOD,TubeID,TubeLng,ShlID,BafNum,BafSpcCC,BafCutPerc,TubePassNum,TubePattern,OverallLength,Area,FilmCoefSS,FilmCoefTS,PresOperInSS,PresOperInTS
8497_var_CS0.000000_HS0.000000.EDR,0.000000,0.000000,OK,290.3813,290.3813,224.1528,1.295461,1.295461,4.5,1,0.0006115401,0.03681666,0.2,0.5,0.0030577,0.07363332,55,34.9978,5,12.7386,197.609177,910.4749,11.16449,0.02023189,0.2357146,43.3877,2.855132,0.0005087469,0.0005087469,0,0,35.23991,0.9847969,29.54612,29.54612,17,12.7,9.4,936,102.26,7,100,23.11139,1,30,,0.5697462,478.6786,758.8032,4,25.1
8497_var_CS0.000000_HS0.000049.EDR,0.000000,0.000049,OK,290.6372,286.5563,224.1797,1.296448,1.278244,4.5,1,0.0006117849,0.0368177,0.2,0.5,0.003058924,0.07363541,55,34.9978,5,12.7386,197.609177,910.4749,11.16449,0.02023189,0.2357146,43.3877,2.855132,0.001019991,0,4.9E-05,0,35.23991,0.9846789,29.64475,27.82438,17,12.7,9.4,936,102.26,7,100,23.11139,1,30,,0.5697462,479.2858,759.0257,4,25.1
8497_var_CS0.000000_HS0.000098.EDR,0.000000,0.000098,OK,290.7653,282.7095,224.1737,1.297053,1.261118,4.5,1,0.0006117157,0.03681759,0.2,0.5,0.003058579,0.07363517,55,34.9978,5,12.7386,197.609177,910.4749,11.16449,0.02023189,0.2357146,43.3877,2.855132,0.001021626,0,9.8E-05,0,35.23991,0.9847052,29.70534,26.11179,17,12.7,9.4,936,102.26,7,100,23.11139,1,30,,0.5697462,479.5446,759.25,4,25.1
8497_var_CS0.000000_HS0.000147.EDR,0.000000,0.000147,OK,290.8907,278.962,224.1809,1.297572,1.244361,4.5,1,0.0006116484,0.03681747,0.2,0.5,0.003058242,0.07363494,55,34.9978,5,12.7386,197.609177,910.4749,11.16449,0.02023189,0.2357146,43.3877,2.855132,0.001022967,0,0.000147,0,35.23991,0.9846738,29.75715,24.43614,17,12.7,9.4,936,102.26,7,100,23.11139,1,30,,0.5697462,479.7985,759.4685,4,25.1
8497_var_CS0.000000_HS0.000196.EDR,0.000000,0.000196,OK,291.0135,275.3102,224.1737,1.298161,1.228111,4.5,1,0.0006115826,0.03681736,0.2,0.5,0.003057913,0.07363471,55,34.9978,5,12.7386,197.609177,910.4749,11.16449,0.02023189,0.2357146,43.3877,2.855132,0.00102456,0,0.000196,0,35.23991,0.9847052,29.81608,22.8111,17,12.7,9.4,936,102.26,7,100,23.11139,1,30,,0.5697462,480.0478,759.6813,4,25.1
8497_var_CS0.000000_HS0.000244.EDR,0.000000,0.000244,OK,291.1313,271.8221,224.167,1.298725,1.212587,4.5,1,0.0006115195,0.03681725,0.2,0.5,0.003057597,0.07363451,55,34.9978,5,12.7386,197.609177,910.4749,11.16449,0.02023189,0.2357146,43.3877,2.855132,0.001026083,0,0.000244,0,35.23991,0.9847345,29.87249,21.25875,17,12.7,9.4,936,102.26,7,100,23.11139,1,30,,0.5697462,480.2871,759.8845,4,25.1
8497_var_CS0.000000_HS0.000293.EDR,0.000000,0.000293,OK,291.2492,268.3494,224.1527,1.299334,1.197172,4.5,1,0.0006114569,0.03681715,0.2,0.5,0.003057284,0.0736343,55,34.9978,5,12.7386,197.609177,910.4749,11.16449,0.02023189,0.2357146,43.3877,2.855132,0.00102776,0,0.000293,0,35.23991,0.9847977,29.93343,19.71723,17,12.7,9.4,936,102.26,7,100,23.11139,1,30,,0.5697462,480.5273,760.0869,4,25.1
8497_var_CS0.000000_HS0.000342.EDR,0.000000,0.000342,OK,291.3648,264.9622,224.148,1.299877,1.182086,4.5,1,0.0006113958,0.03681704,0.2,0.5,0.003056979,0.07363409,55,34.9978,5,12.7386,197.609177,910.4749,11.16449,0.02023189,0.2357146,43.3877,2.855132,0.001029215,0,0.000342,0,35.23991,0.9848182,29.98769,18.20859,17,12.7,9.4,936,102.26,7,100,23.11139,1,30,,0.5697462,480.7631,760.2842,4,25.1
8497_var_CS0.000000_HS0.000391.EDR,0.000000,0.000391,OK,291.4701,261.651,224.1436,1.300372,1.167337,4.5,1,0.0006113378,0.03681695,0.2,0.5,0.003056689,0.07363389,55,34.9978,5,12.7386,197.609177,910.4749,11.16449,0.02023189,0.2357146,43.3877,2.855132,0.001030542,0,0.000391,0,35.23991,0.9848377,30.03722,16.73369,17,12.7,9.4,936,102.26,7,100,23.11139,1,30,,0.5697462,480.9724,760.477,4,25.1
8497_var_CS0.000000_HS0.000440.EDR,0.000000,0.000440,OK,291.5727,258.4195,224.1394,1.300854,1.152941,4.5,1,0.0006112818,0.03681685,0.2,0.5,0.003056409,0.07363371,55,34.9978,5,12.7386,197.609177,910.4749,11.16449,0.02023189,0.2357146,43.3877,2.855132,0.001031833,0,0.00044,0,35.23991,0.9848562,30.08545,15.29413,17,12.7,9.4,936,102.26,7,100,23.11139,1,30,,0.5697462,481.1766,760.6652,4,25.1
8497_var_CS0.000098_HS0.000000.EDR,0.000098,0.000000,OK,290.8537,280.0681,224.1697,1.297471,1.249358,4.5,1,0.0006116684,0.0368175,0.2,0.5,0.003058342,0.073635,55,34.9978,5,12.7386,197.609177,910.4749,11.16449,0.02023189,0.2357146,43.3877,2.855132,0,0.001022751,0,0.0001324043,35.23991,0.9847228,29.74708,24.93577,17,12.7,9.4,936,102.26,7,100,23.11139,1,30,,0.5697462,479.7235,759.404,4,25.1
8497_var_CS0.000098_HS0.000049.EDR,0.000098,0.000049,OK,290.9772,276.3882,224.1758,1.297987,1.232908,4.5,1,0.000611602,0.03681739,0.2,0.5,0.00305801,0.07363478,55,34.9978,5,12.7386,197.609177,910.4749,11.16449,0.02023189,0.2357146,43.3877,2.855132,0.0002766218,0.0007474673,4.9E-05,0.0001324043,35.23991,0.984696,29.79866,23.29081,17,12.7,9.4,936,102.26,7,100,23.11139,1,30,,0.5697462,479.974,759.6185,4,25.1
8497_var_CS0.000098_HS0.000098.EDR,0.000098,0.000098,OK,291.0982,272.8013,224.1689,1.298566,1.216945,4.5,1,0.0006115372,0.03681728,0.2,0.5,0.003057686,0.07363456,55,34.9978,5,12.7386,197.609177,910.4749,11.16449,0.02023189,0.2357146,43.3877,2.855132,0.0004362515,0.0005894036,9.8E-05,0.0001324043,35.23991,0.9847264,29.85663,21.69455,17,12.7,9.4,936,102.26,7,100,23.11139,1,30,,0.5697462,480.2197,759.8275,4,25.1
8497_var_CS0.000098_HS0.000147.EDR,0.000098,0.000147,OK,291.2168,269.3043,224.154,1.299182,1.201425,4.5,1,0.0006114742,0.03681718,0.2,0.5,0.003057371,0.07363435,55,34.9978,5,12.7386,197.609177,910.4749,11.16449,0.02023189,0.2357146,43.3877,2.855132,0.000540509,0.0004868415,0.000147,0.0001324043,35.23991,0.9847918,29.91817,20.14251,17,12.7,9.4,936,102.26,7,100,23.11139,1,30,,0.5697462,480.4612,760.0313,4,25.1
8497_var_CS0.000098_HS0.000196.EDR,0.000098,0.000196,OK,291.333,265.8936,224.1493,1.299727,1.186234,4.5,1,0.0006114125,0.03681707,0.2,0.5,0.003057063,0.07363414,55,34.9978,5,12.7386,197.609177,910.4749,11.16449,0.02023189,0.2357146,43.3877,2.855132,0.0006140224,0.0004147917,0.000196,0.0001324043,35.23991,0.9848126,29.97274,18.62345,17,12.7,9.4,936,102.26,7,100,23.11139,1,30,,0.5697462,480.698,760.23,4,25.1
8497_var_CS0.000098_HS0.000244.EDR,0.000098,0.000244,OK,291.4391,262.629,224.1449,1.300227,1.171693,4.5,1,0.0006113549,0.03681698,0.2,0.5,0.003056774,0.07363395,55,34.9978,5,12.7386,197.609177,910.4749,11.16449,0.02023189,0.2357146,43.3877,2.855132,0.0006677853,0.0003623673,0.000244,0.0001324043,35.23991,0.984832,30.02268,17.16933,17,12.7,9.4,936,102.26,7,100,23.11139,1,30,,0.5697462,480.9111,760.42,4,25.1
8497_var_CS0.000098_HS0.000293.EDR,0.000098,0.000293,OK,291.5423,259.3739,224.1406,1.300712,1.157193,4.5,1,0.0006112984,0.03681688,0.2,0.5,0.003056492,0.07363376,55,34.9978,5,12.7386,197.609177,910.4749,11.16449,0.02023189,0.2357146,43.3877,2.855132,0.0007104192,0.0003210325,0.000293,0.0001324043,35.23991,0.9848508,30.07118,15.71929,17,12.7,9.4,936,102.26,7,100,23.11139,1,30,,0.5697462,481.1162,760.6096,4,25.1
8497_var_CS0.000098_HS0.000342.EDR,0.000098,0.000342,OK,291.6402,256.1943,224.1365,1.301172,1.143028,4.5,1,0.000611244,0.03681679,0.2,0.5,0.00305622,0.07363358,55,34.9978,5,12.7386,197.609177,910.4749,11.16449,0.02023189,0.2357146,43.3877,2.855132,0.0007444662,0.0002882178,0.000342,0.0001324043,35.23991,0.9848686,30.11722,14.30281,17,12.7,9.4,936,102.26,7,100,23.11139,1,30,,0.5697462,481.3087,760.7947,4,25.1
8497_var_CS0.000098_HS0.000391.EDR,0.000098,0.000391,OK,291.7201,253.0782,224.1305,1.301563,1.129155,4.5,1,0.0006111945,0.03681671,0.2,0.5,0.003055972,0.07363341,55,34.9978,5,12.7386,197.609177,910.4749,11.16449,0.02023189,0.2357146,43.3877,2.855132,0.0007722391,0.0002615032,0.000391,0.0001324043,35.23991,0.9848949,30.15634,12.91554,17,12.7,9.4,936,102.26,7,100,23.11139,1,30,,0.5697462,481.4547,760.9739,4,25.1
8497_var_CS0.000098_HS0.000440.EDR,0.000098,0.000440,OK,291.818,250.0502,224.1274,1.302018,1.115661,4.5,1,0.0006111458,0.03681662,0.2,0.5,0.003055729,0.07363325,55,34.9978,5,12.7386,197.609177,910.4749,11.16449,0.02023189,0.2357146,43.3877,2.855132,0.0007955566,0.0002393979,0.00044,0.0001324043,35.23991,0.9849086,30.20184,11.56608,17,12.7,9.4,936,102.26,7,100,23.11139,1,30,,0.5697462,481.6509,761.1498,4,25.1
8497_var_CS0.000196_HS0.000000.EDR,0.000196,0.000000,OK,291.1817,270.3368,224.1643,1.298966,1.205976,4.5,1,0.0006114928,0.03681721,0.2,0.5,0.003057464,0.07363442,55,34.9978,5,12.7386,197.609177,910.4749,11.16449,0.02023189,0.2357146,43.3877,2.855132,0,0.001026733,0,0.0002648085,35.23991,0.9847467,29.89658,20.59761,17,12.7,9.4,936,102.26,7,100,23.11139,1,30,,0.5697462,480.3897,759.9711,4,25.1
8497_var_CS0.000196_HS0.000049.EDR,0.000196,0.000049,OK,291.2986,266.9007,224.1507,1.299566,1.19072,4.5,1,0.0006114308,0.0368171,0.2,0.5,0.003057154,0.07363421,55,34.9978,5,12.7386,197.609177,910.4749,11.16449,0.02023189,0.2357146,43.3877,2.855132,0.0001605779,0.0008678038,4.9E-05,0.0002648085,35.23991,0.9848065,29.95662,19.07201,17,12.7,9.4,936,102.26,7,100,23.11139,1,30,,0.5697462,480.6279,760.1713,4,25.1
8497_var_CS0.000196_HS0.000098.EDR,0.000196,0.000098,OK,291.4102,263.5465,224.1461,1.300091,1.17578,4.5,1,0.0006113708,0.036817,0.2,0.5,0.003056854,0.07363401,55,34.9978,5,12.7386,197.609177,910.4749,11.16449,0.02023189,0.2357146,43.3877,2.855132,0.000278161,0.0007516264,9.8E-05,0.0002648085,35.23991,0.9848266,30.00906,17.57799,17,12.7,9.4,936,102.26,7,100,23.11139,1,30,,0.5697462,480.8537,760.3666,4,25.1
8497_var_CS0.000196_HS0.000147.EDR,0.000196,0.000147,OK,291.5139,260.2691,224.1418,1.300578,1.161181,4.5,1,0.0006113139,0.03681691,0.2,0.5,0.003056569,0.07363381,55,34.9978,5,12.7386,197.609177,910.4749,11.16449,0.02023189,0.2357146,43.3877,2.855132,0.0003680614,0.0006630326,0.000147,0.0002648085,35.23991,0.9848456,30.05782,16.11809,17,12.7,9.4,936,102.26,7,100,23.11139,1,30,,0.5697462,481.0596,760.5575,4,25.1
8497_var_CS0.000196_HS0.000196.EDR,0.000196,0.000196,OK,291.6157,257.0708,224.1376,1.301056,1.146933,4.5,1,0.0006112583,0.03681681,0.2,0.5,0.003056292,0.07363363,55,34.9978,5,12.7386,197.609177,910.4749,11.16449,0.02023189,0.2357146,43.3877,2.855132,0.0004391091,0.0005932645,0.000196,0.0002648085,35.23991,0.9848638,30.10563,14.69327,17,12.7,9.4,936,102.26,7,100,23.11139,1,30,,0.5697462,481.2623,760.7437,4,25.1
8497_var_CS0.000196_HS0.000244.EDR,0.000196,0.000244,OK,291.6924,253.9955,224.1314,1.301435,1.133244,4.5,1,0.0006112091,0.03681673,0.2,0.5,0.003056045,0.07363346,55,34.9978,5,12.7386,197.609177,910.4749,11.16449,0.02023189,0.2357146,43.3877,2.855132,0.0004955687,0.0005378312,0.000244,0.0002648085,35.23991,0.9848912,30.14349,13.32439,17,12.7,9.4,936,102.26,7,100,23.11139,1,30,,0.5697462,481.4005,760.9206,4,25.1
8497_var_CS0.000196_HS0.000293.EDR,0.000196,0.000293,OK,291.7884,250.9442,224.1284,1.301881,1.119645,4.5,1,0.0006111602,0.03681665,0.2,0.5,0.003055801,0.0736333,55,34.9978,5,12.7386,197.609177,910.4749,11.16449,0.02023189,0.2357146,43.3877,2.855132,0.0005434378,0.00049115,0.000293,0.0002648085,35.23991,0.9849045,30.18807,11.9645,17,12.7,9.4,936,102.26,7,100,23.11139,1,30,,0.5697462,481.591,761.0979,4,25.1
8497_var_CS0.000196_HS0.000342.EDR,0.000196,0.000342,OK,291.8851,247.9658,224.1251,1.302331,1.106372,4.5,1,0.0006111133,0.03681657,0.2,0.5,0.003055567,0.07363314,55,34.9978,5,12.7386,197.609177,910.4749,11.16449,0.02023189,0.2357146,43.3877,2.855132,0.0005837751,0.0004520135,0.000342,0.0002648085,35.23991,0.9849188,30.23313,10.63724,17,12.7,9.4,936,102.26,7,100,23.11139,1,30,,0.5697462,481.7852,761.2711,4,25.1
8497_var_CS0.000196_HS0.000391.EDR,0.000196,0.000391,OK,291.9262,245.0181,224.1103,1.302601,1.093292,4.5,1,0.0006109679,0.03739354,0.2,0.5,0.00305484,0.07478708,55,34.9978,5,12.7386,197.609177,910.4749,11.16475,0.02023189,0.2357146,43.3877,2.855132,0.0006180111,0.0004185539,0.000391,0.0002648085,35.23991,0.9849837,30.26005,9.329223,17,12.7,9.4,936,102.26,7,100,23.11139,1,30,,0.5697462,481.8275,761.4451,4,25.1
8497_var_CS0.000196_HS0.000440.EDR,0.000196,0.000440,OK,291.992,242.1566,224.1004,1.302952,1.080572,4.5,1,0.0006108974,0.03739354,0.2,0.5,0.003054487,0.07478708,55,34.9978,5,12.7386,197.609177,910.4749,11.16475,0.02023189,0.2357146,43.3877,2.855132,0.0006477147,0.000389819,0.00044,0.0002648085,35.23991,0.9850271,30.29516,8.057158,17,12.7,9.4,936,102.26,7,100,23.11139,1,30,,0.5697462,481.9401,761.6116,4,25.1
8497_var_CS0.000293_HS0.000000.EDR,0.000293,0.000000,OK,291.4803,261.3269,224.1431,1.300421,1.165893,4.5,1,0.0006113322,0.03681694,0.2,0.5,0.003056661,0.07363387,55,34.9978,5,12.7386,197.609177,910.4749,11.16449,0.02023189,0.2357146,43.3877,2.855132,0,0.001030672,0,0.0003958617,35.23991,0.9848396,30.04205,16.58929,17,12.7,9.4,936,102.26,7,100,23.11139,1,30,,0.5697462,480.9929,760.4958,4,25.1
8497_var_CS0.000293_HS0.000049.EDR,0.000293,0.000049,OK,291.5828,258.1032,224.139,1.300902,1.151532,4.5,1,0.0006112764,0.03681684,0.2,0.5,0.003056382,0.07363369,55,34.9978,5,12.7386,197.609177,910.4749,11.16449,0.02023189,0.2357146,43.3877,2.855132,0.0001136669,0.0009182934,4.9E-05,0.0003958617,35.23991,0.9848579,30.09019,15.1532,17,12.7,9.4,936,102.26,7,100,23.11139,1,30,,0.5697462,481.1968,760.6836,4,25.1
8497_var_CS0.000293_HS0.000098.EDR,0.000293,0.000098,OK,291.6737,254.9492,224.1349,1.301331,1.137481,4.5,1,0.0006112243,0.03681676,0.2,0.5,0.003056121,0.07363351,55,34.9978,5,12.7386,197.609177,910.4749,11.16449,0.02023189,0.2357146,43.3877,2.855132,0.0002050062,0.0008281031,9.8E-05,0.0003958617,35.23991,0.9848756,30.13308,13.74807,17,12.7,9.4,936,102.26,7,100,23.11139,1,30,,0.5697462,481.371,760.8672,4,25.1
8497_var_CS0.000293_HS0.000147.EDR,0.000293,0.000147,OK,291.758,251.8664,224.1293,1.301739,1.123755,4.5,1,0.000611175,0.03681667,0.2,0.5,0.003055875,0.07363334,55,34.9978,5,12.7386,197.609177,910.4749,11.16449,0.02023189,0.2357146,43.3877,2.855132,0.0002800512,0.0007541602,0.000147,0.0003958617,35.23991,0.9849002,30.17395,12.37545,17,12.7,9.4,936,102.26,7,100,23.11139,1,30,,0.5697462,481.5297,761.0443,4,25.1
8497_var_CS0.000293_HS0.000196.EDR,0.000293,0.000196,OK,291.8573,248.868,224.1262,1.302201,1.110393,4.5,1,0.0006111265,0.03681659,0.2,0.5,0.003055632,0.07363319,55,34.9978,5,12.7386,197.609177,910.4749,11.16449,0.02023189,0.2357146,43.3877,2.855132,0.0003428948,0.0006925456,0.000196,0.0003958617,35.23991,0.9849142,30.22008,11.03926,17,12.7,9.4,936,102.26,7,100,23.11139,1,30,,0.5697462,481.7303,761.2186,4,25.1
8497_var_CS0.000293_HS0.000244.EDR,0.000293,0.000244,OK,291.9046,245.9639,224.1136,1.302485,1.097496,4.5,1,0.0006109912,0.03739354,0.2,0.5,0.003054956,0.07478708,55,34.9978,5,12.7386,197.609177,910.4749,11.16475,0.02023189,0.2357146,43.3877,2.855132,0.0003951542,0.0006410918,0.000244,0.0003958617,35.23991,0.9849693,30.2485,9.749622,17,12.7,9.4,936,102.26,7,100,23.11139,1,30,,0.5697462,481.7907,761.3901,4,25.1
8497_var_CS0.000293_HS0.000293.EDR,0.000293,0.000293,OK,291.9707,243.0806,224.1036,1.302838,1.084679,4.5,1,0.0006109202,0.03739354,0.2,0.5,0.003054601,0.07478708,55,34.9978,5,12.7386,197.609177,910.4749,11.16475,0.02023189,0.2357146,43.3877,2.855132,0.0004411706,0.0005960496,0.000293,0.0003958617,35.23991,0.9850132,30.28379,8.467918,17,12.7,9.4,936,102.26,7,100,23.11139,1,30,,0.5697462,481.9035,761.5578,4,25.1
8497_var_CS0.000293_HS0.000342.EDR,0.000293,0.000342,OK,292.1052,240.3103,224.121,1.303337,1.072235,4.5,1,0.0006111619,0.03681405,0.2,0.5,0.00305581,0.0736281,55,34.9978,5,12.7386,197.609177,910.4749,11.16449,0.02023189,0.2357146,43.3877,2.855132,0.0004813241,0.000557128,0.000342,0.0003958617,35.23991,0.984937,30.33372,7.223496,17,12.7,9.4,936,102.26,7,100,23.11139,1,30,,0.5697462,482.2066,761.7158,4,25.1
8497_var_CS0.000293_HS0.000391.EDR,0.000293,0.000391,OK,292.1792,237.5625,224.1194,1.303677,1.059982,4.5,1,0.0006111566,0.03681393,0.2,0.5,0.003055783,0.07362785,55,34.9978,5,12.7386,197.609177,910.4749,11.16449,0.02023189,0.2357146,43.3877,2.855132,0.0005164646,0.0005228863,0.000391,0.0003958617,35.23991,0.984944,30.36768,5.998198,17,12.7,9.4,936,102.26,7,100,23.11139,1,30,,0.5697462,482.3444,761.8754,4,25.1
8497_var_CS0.000293_HS0.000440.EDR,0.000293,0.000440,OK,292.2461,234.8721,224.1179,1.303983,1.047985,4.5,1,0.0006111531,0.03681381,0.2,0.5,0.003055765,0.07362762,55,34.9978,5,12.7386,197.609177,910.4749,11.16449,0.02023189,0.2357146,43.3877,2.855132,0.0005475447,0.0004926181,0.00044,0.0003958617,35.23991,0.9849504,30.39835,4.798462,17,12.7,9.4,936,102.26,7,100,23.11139,1,30,,0.5697462,482.4639,762.0316,4,25.1
8497_var_CS0.000391_HS0.000000.EDR,0.000391,0.000000,OK,291.7293,252.7741,224.1303,1.301606,1.1278,4.5,1,0.0006111895,0.0368167,0.2,0.5,0.003055948,0.0736334,55,34.9978,5,12.7386,197.609177,910.4749,11.16449,0.02023189,0.2357146,43.3877,2.855132,0,0.001033856,0,0.000528266,35.23991,0.9848962,30.16061,12.78001,17,12.7,9.4,936,102.26,7,100,23.11139,1,30,,0.5697462,481.4726,760.9915,4,25.1
8497_var_CS0.000391_HS0.000049.EDR,0.000391,0.000049,OK,291.8279,249.7538,224.1271,1.302064,1.11434,4.5,1,0.0006111411,0.03681662,0.2,0.5,0.003055705,0.07363323,55,34.9978,5,12.7386,197.609177,910.4749,11.16449,0.02023189,0.2357146,43.3877,2.855132,8.786027E-05,0.0009472161,4.9E-05,0.000528266,35.23991,0.98491,30.20641,11.43399,17,12.7,9.4,936,102.26,7,100,23.11139,1,30,,0.5697462,481.6708,761.1671,4,25.1
8497_var_CS0.000391_HS0.000098.EDR,0.000391,0.000098,OK,291.8862,246.776,224.1165,1.302386,1.101106,4.5,1,0.0006110111,0.03739354,0.2,0.5,0.003055056,0.07478708,55,34.9978,5,12.7386,197.609177,910.4749,11.16475,0.02023189,0.2357146,43.3877,2.855132,0.0001621121,0.0008738604,9.8E-05,0.000528266,35.23991,0.9849566,30.23861,10.11057,17,12.7,9.4,936,102.26,7,100,23.11139,1,30,,0.5697462,481.7594,761.3428,4,25.1
8497_var_CS0.000391_HS0.000147.EDR,0.000391,0.000147,OK,291.9525,243.8738,224.1064,1.302741,1.088206,4.5,1,0.0006109397,0.03739354,0.2,0.5,0.003054699,0.07478708,55,34.9978,5,12.7386,197.609177,910.4749,11.16475,0.02023189,0.2357146,43.3877,2.855132,0.0002257361,0.0008112157,0.000147,0.000528266,35.23991,0.9850012,30.27406,8.82057,17,12.7,9.4,936,102.26,7,100,23.11139,1,30,,0.5697462,481.8723,761.5117,4,25.1
8497_var_CS0.000391_HS0.000196.EDR,0.000391,0.000196,OK,292.0179,241.0386,224.0966,1.303089,1.075601,4.5,1,0.0006108702,0.03739354,0.2,0.5,0.003054351,0.07478708,55,34.9978,5,12.7386,197.609177,910.4749,11.16475,0.02023189,0.2357146,43.3877,2.855132,0.000280879,0.0007570348,0.000196,0.000528266,35.23991,0.9850439,30.30894,7.560122,17,12.7,9.4,936,102.26,7,100,23.11139,1,30,,0.5697462,481.9846,761.6766,4,25.1
8497_var_CS0.000391_HS0.000244.EDR,0.000391,0.000244,OK,292.1574,238.3746,224.1198,1.303577,1.063603,4.5,1,0.000611158,0.03681396,0.2,0.5,0.00305579,0.07362793,55,34.9978,5,12.7386,197.609177,910.4749,11.16449,0.02023189,0.2357146,43.3877,2.855132,0.000328303,0.000710784,0.000244,0.000528266,35.23991,0.984942,30.3577,6.360335,17,12.7,9.4,936,102.26,7,100,23.11139,1,30,,0.5697462,482.304,761.8282,4,25.1
8497_var_CS0.000391_HS0.000293.EDR,0.000391,0.000293,OK,292.2271,235.6678,224.1183,1.303897,1.051533,4.5,1,0.0006111537,0.03681385,0.2,0.5,0.003055769,0.07362769,55,34.9978,5,12.7386,197.609177,910.4749,11.16449,0.02023189,0.2357146,43.3877,2.855132,0.0003710131,0.0006689202,0.000293,0.000528266,35.23991,0.9849486,30.38967,5.153284,17,12.7,9.4,936,102.26,7,100,23.11139,1,30,,0.5697462,482.4308,761.9855,4,25.1
8497_var_CS0.000391_HS0.000342.EDR,0.000391,0.000342,OK,292.2905,233.0177,224.117,1.304187,1.039714,4.5,1,0.0006111515,0.03681373,0.2,0.5,0.003055758,0.07362746,55,34.9978,5,12.7386,197.609177,910.4749,11.16449,0.02023189,0.2357146,43.3877,2.855132,0.0004089782,0.000631723,0.000342,0.000528266,35.23991,0.9849545,30.4187,3.971442,17,12.7,9.4,936,102.26,7,100,23.11139,1,30,,0.5697462,482.5418,762.1393,4,25.1
8497_var_CS0.000391_HS0.000391.EDR,0.000391,0.000391,OK,292.3535,230.4263,224.1157,1.304475,1.028157,4.5,1,0.0006111495,0.03681361,0.2,0.5,0.003055748,0.07362723,55,34.9978,5,12.7386,197.609177,910.4749,11.16449,0.02023189,0.2357146,43.3877,2.855132,0.0004429753,0.0005984879,0.000391,0.000528266,35.23991,0.98496,30.44754,2.815744,17,12.7,9.4,936,102.26,7,100,23.11139,1,30,,0.5697462,482.6532,762.2897,4,25.1
8497_var_CS0.000391_HS0.000440.EDR,0.000391,0.000440,OK,292.416,227.8916,224.1145,1.304761,1.016853,4.5,1,0.0006111476,0.0368135,0.2,0.5,0.003055738,0.073627,55,34.9978,5,12.7386,197.609177,910.4749,11.16449,0.02023189,0.2357146,43.3877,2.855132,0.0004736056,0.000568613,0.00044,0.000528266,35.23991,0.9849652,30.47614,1.685318,17,12.7,9.4,936,102.26,7,100,23.11139,1,30,,0.5697462,482.7647,762.4368,4,25.1
8497_var_CS0.000489_HS0.000000.EDR,0.000489,0.000000,OK,291.9328,244.7312,224.1093,1.302636,1.092017,4.5,1,0.0006109609,0.03739354,0.2,0.5,0.003054804,0.07478708,55,34.9978,5,12.7386,197.609177,910.4749,11.16475,0.02023189,0.2357146,43.3877,2.855132,0,0.001036662,0,0.0006606702,35.23991,0.9849882,30.26356,9.201689,17,12.7,9.4,936,102.26,7,100,23.11139,1,30,,0.5697462,481.8386,761.4618,4,25.1
8497_var_CS0.000489_HS0.000049.EDR,0.000489,0.000049,OK,291.9985,241.8763,224.0995,1.302986,1.079325,4.5,1,0.0006108905,0.03739354,0.2,0.5,0.003054452,0.07478708,55,34.9978,5,12.7386,197.609177,910.4749,11.16475,0.02023189,0.2357146,43.3877,2.855132,7.164428E-05,0.0009659845,4.9E-05,0.0006606702,35.23991,0.9850314,30.29861,7.932541,17,12.7,9.4,936,102.26,7,100,23.11139,1,30,,0.5697462,481.9512,761.6279,4,25.1
8497_var_CS0.000489_HS0.000098.EDR,0.000489,0.000098,OK,292.1371,239.136,224.1203,1.303484,1.066999,4.5,1,0.0006111594,0.036814,0.2,0.5,0.003055797,0.07362799,55,34.9978,5,12.7386,197.609177,910.4749,11.16449,0.02023189,0.2357146,43.3877,2.855132,0.0001341905,0.0009046498,9.8E-05,0.0006606702,35.23991,0.9849401,30.34839,6.699879,17,12.7,9.4,936,102.26,7,100,23.11139,1,30,,0.5697462,482.2664,761.7841,4,25.1
8497_var_CS0.000489_HS0.000147.EDR,0.000489,0.000147,OK,292.2095,236.4137,224.1187,1.303816,1.05486,4.5,1,0.0006111543,0.03681388,0.2,0.5,0.003055772,0.07362776,55,34.9978,5,12.7386,197.609177,910.4749,11.16449,0.02023189,0.2357146,43.3877,2.855132,0.0001892341,0.0008504851,0.000147,0.0006606702,35.23991,0.984947,30.38158,5.485955,17,12.7,9.4,936,102.26,7,100,23.11139,1,30,,0.5697462,482.4001,761.9421,4,25.1
8497_var_CS0.000489_HS0.000196.EDR,0.000489,0.000196,OK,292.2729,233.747,224.1174,1.304107,1.042967,4.5,1,0.0006111521,0.03681376,0.2,0.5,0.00305576,0.07362752,55,34.9978,5,12.7386,197.609177,910.4749,11.16449,0.02023189,0.2357146,43.3877,2.855132,0.0002380564,0.0008024324,0.000196,0.0006606702,35.23991,0.9849529,30.41067,4.296702,17,12.7,9.4,936,102.26,7,100,23.11139,1,30,,0.5697462,482.511,762.097,4,25.1
8497_var_CS0.000489_HS0.000244.EDR,0.000489,0.000244,OK,292.3347,231.1922,224.1161,1.30439,1.031573,4.5,1,0.0006111501,0.03681365,0.2,0.5,0.00305575,0.07362729,55,34.9978,5,12.7386,197.609177,910.4749,11.16449,0.02023189,0.2357146,43.3877,2.855132,0.0002808336,0.0007604032,0.000244,0.0006606702,35.23991,0.9849584,30.43897,3.157314,17,12.7,9.4,936,102.26,7,100,23.11139,1,30,,0.5697462,482.62,762.2452,4,25.1
8497_var_CS0.000489_HS0.000293.EDR,0.000489,0.000293,OK,292.3974,228.6408,224.1149,1.304676,1.020195,4.5,1,0.0006111482,0.03681354,0.2,0.5,0.003055741,0.07362707,55,34.9978,5,12.7386,197.609177,910.4749,11.16449,0.02023189,0.2357146,43.3877,2.855132,0.0003201362,0.0007218581,0.000293,0.0006606702,35.23991,0.9849637,30.46764,2.019448,17,12.7,9.4,936,102.26,7,100,23.11139,1,30,,0.5697462,482.7315,762.3934,4,25.1
8497_var_CS0.000489_HS0.000342.EDR,0.000489,0.000342,OK,292.4581,226.1439,224.1136,1.304955,1.009059,4.5,1,0.0006111454,0.03681343,0.2,0.5,0.003055727,0.07362685,55,34.9978,5,12.7386,197.609177,910.4749,11.16449,0.02023189,0.2357146,43.3877,2.855132,0.0003556638,0.0006870658,0.000342,0.0006606702,35.23991,0.9849694,30.49547,0.9059179,17,12.7,9.4,936,102.26,7,100,23.11139,1,30,,0.5697462,482.8387,762.5383,4,25.1
8497_var_CS0.000489_HS0.000391.EDR,0.000489,0.000391,OK,292.5043,223.6924,224.1125,1.305167,0.9981255,4.5,1,0.0006111476,0.03681332,0.2,0.5,0.003055738,0.07362664,55,34.9978,5,12.7386,197.609177,910.4749,11.16449,0.02023189,0.2357146,43.3877,2.855132,0.0003878845,0.000655406,0.000391,0.0006606702,35.23991,0.984974,30.51669,-0.1874479,17,12.7,9.4,936,102.26,7,100,23.11139,1,30,,0.5697462,482.9076,762.6805,4,25.1
8497_var_CS0.000489_HS0.000440.EDR,0.000489,0.000440,OK,292.5505,221.2936,224.1115,1.305379,0.9874262,4.5,1,0.0006111497,0.03681322,0.2,0.5,0.003055749,0.07362644,55,34.9978,5,12.7386,197.609177,910.4749,11.16449,0.02023189,0.2357146,43.3877,2.855132,0.000417286,0.0006265646,0.00044,0.0006606702,35.23991,0.9849785,30.5379,-1.257382,17,12.7,9.4,936,102.26,7,100,23.11139,1,30,,0.5697462,482.9777,762.8197,4,25.1
8497_var_CS0.000587_HS0.000000.EDR,0.000587,0.000000,OK,292.1884,237.2185,224.1192,1.303719,1.058448,4.5,1,0.000611156,0.03681391,0.2,0.5,0.00305578,0.07362782,55,34.9978,5,12.7386,197.609177,910.4749,11.16449,0.02023189,0.2357146,43.3877,2.855132,0,0.001039463,0,0.0007930745,35.23991,0.9849449,30.37191,5.844792,17,12.7,9.4,936,102.26,7,100,23.11139,1,30,,0.5697462,482.3615,761.8954,4,25.1
8497_var_CS0.000587_HS0.000049.EDR,0.000587,0.000049,OK,292.2541,234.5351,224.1178,1.30402,1.046481,4.5,1,0.0006111528,0.03681379,0.2,0.5,0.003055764,0.07362759,55,34.9978,5,12.7386,197.609177,910.4749,11.16449,0.02023189,0.2357146,43.3877,2.855132,6.053235E-05,0.0009797278,4.9E-05,0.0007930745,35.23991,0.9849511,30.40203,4.64815,17,12.7,9.4,936,102.26,7,100,23.11139,1,30,,0.5697462,482.478,762.0512,4,25.1
8497_var_CS0.000587_HS0.000098.EDR,0.000587,0.000098,OK,292.3173,231.9101,224.1165,1.30431,1.034775,4.5,1,0.0006111506,0.03681368,0.2,0.5,0.003055753,0.07362736,55,34.9978,5,12.7386,197.609177,910.4749,11.16449,0.02023189,0.2357146,43.3877,2.855132,0.0001144916,0.0009265339,9.8E-05,0.0007930745,35.23991,0.9849568,30.43097,3.477516,17,12.7,9.4,936,102.26,7,100,23.11139,1,30,,0.5697462,482.5891,762.2036,4,25.1
8497_var_CS0.000587_HS0.000147.EDR,0.000587,0.000147,OK,292.3801,229.3431,224.1152,1.304597,1.023327,4.5,1,0.0006111487,0.03681357,0.2,0.5,0.003055743,0.07362714,55,34.9978,5,12.7386,197.609177,910.4749,11.16449,0.02023189,0.2357146,43.3877,2.855132,0.0001629045,0.0008788802,0.000147,0.0007930745,35.23991,0.9849622,30.45971,2.332654,17,12.7,9.4,936,102.26,7,100,23.11139,1,30,,0.5697462,482.7005,762.3526,4,25.1
8497_var_CS0.000587_HS0.000196.EDR,0.000587,0.000196,OK,292.4422,226.8318,224.114,1.304882,1.012127,4.5,1,0.0006111463,0.03681346,0.2,0.5,0.003055731,0.07362691,55,34.9978,5,12.7386,197.609177,910.4749,11.16449,0.02023189,0.2357146,43.3877,2.855132,0.0002065942,0.0008359418,0.000196,0.0007930745,35.23991,0.9849676,30.48816,1.212679,17,12.7,9.4,936,102.26,7,100,23.11139,1,30,,0.5697462,482.8114,762.4984,4,25.1
8497_var_CS0.000587_HS0.000244.EDR,0.000587,0.000244,OK,292.4905,224.4171,224.1129,1.305104,1.001358,4.5,1,0.000611147,0.03681335,0.2,0.5,0.003055735,0.07362671,55,34.9978,5,12.7386,197.609177,910.4749,11.16449,0.02023189,0.2357146,43.3877,2.855132,0.0002454232,0.0007977003,0.000244,0.0007930745,35.23991,0.9849727,30.51037,0.1357505,17,12.7,9.4,936,102.26,7,100,23.11139,1,30,,0.5697462,482.8869,762.6385,4,25.1
8497_var_CS0.000587_HS0.000293.EDR,0.000587,0.000293,OK,292.5367,222.0027,224.1118,1.305316,0.9905891,4.5,1,0.0006111491,0.03681325,0.2,0.5,0.003055745,0.0736265,55,34.9978,5,12.7386,197.609177,910.4749,11.16449,0.02023189,0.2357146,43.3877,2.855132,0.0002815639,0.0007621199,0.000293,0.0007930745,35.23991,0.9849772,30.53158,-0.941084,17,12.7,9.4,936,102.26,7,100,23.11139,1,30,,0.5697462,482.9567,762.7786,4,25.1
8497_var_CS0.000587_HS0.000342.EDR,0.000587,0.000342,OK,292.5829,219.6398,224.1108,1.305528,0.9800498,4.5,1,0.0006111512,0.03681315,0.2,0.5,0.003055756,0.0736263,55,34.9978,5,12.7386,197.609177,910.4749,11.16449,0.02023189,0.2357146,43.3877,2.855132,0.0003146324,0.0007296109,0.000342,0.0007930745,35.23991,0.9849815,30.55278,-1.995013,17,12.7,9.4,936,102.26,7,100,23.11139,1,30,,0.5697462,483.0277,762.9156,4,25.1
8497_var_CS0.000587_HS0.000391.EDR,0.000587,0.000391,OK,292.6291,217.3266,224.1099,1.305739,0.9697323,4.5,1,0.0006111533,0.03681305,0.2,0.5,0.003055766,0.0736261,55,34.9978,5,12.7386,197.609177,910.4749,11.16449,0.02023189,0.2357146,43.3877,2.855132,0.0003450099,0.0006997917,0.000391,0.0007930745,35.23991,0.9849856,30.57394,-3.026769,17,12.7,9.4,936,102.26,7,100,23.11139,1,30,,0.5697462,483.0998,763.0499,4,25.1
8497_var_CS0.000587_HS0.000440.EDR,0.000587,0.000440,OK,292.6705,215.0591,224.1089,1.30593,0.9596186,4.5,1,0.0006111554,0.03681296,0.2,0.5,0.003055777,0.07362591,55,34.9978,5,12.7386,197.609177,910.4749,11.16449,0.02023189,0.2357146,43.3877,2.855132,0.0003729982,0.0006723076,0.00044,0.0007930745,35.23991,0.9849902,30.59302,-4.038135,17,12.7,9.4,936,102.26,7,100,23.11139,1,30,,0.5697462,483.1599,763.1814,4,25.1
8497_var_CS0.000684_HS0.000000.EDR,0.000684,0.000000,OK,292.3597,230.1723,224.1156,1.304504,1.027025,4.5,1,0.0006111493,0.0368136,0.2,0.5,0.003055747,0.0736272,55,34.9978,5,12.7386,197.609177,910.4749,11.16449,0.02023189,0.2357146,43.3877,2.855132,0,0.001041538,0,0.0009241276,35.23991,0.9849605,30.45038,2.70247,17,12.7,9.4,936,102.26,7,100,23.11139,1,30,,0.5697462,482.6643,762.3044,4,25.1
8497_var_CS0.000684_HS0.000049.EDR,0.000684,0.000049,OK,292.4222,227.6431,224.1144,1.30479,1.015745,4.5,1,0.0006111474,0.03681349,0.2,0.5,0.003055737,0.07362698,55,34.9978,5,12.7386,197.609177,910.4749,11.16449,0.02023189,0.2357146,43.3877,2.855132,5.248269E-05,0.0009898103,4.9E-05,0.0009241276,35.23991,0.9849657,30.47896,1.574503,17,12.7,9.4,936,102.26,7,100,23.11139,1,30,,0.5697462,482.7757,762.4513,4,25.1
8497_var_CS0.000684_HS0.000098.EDR,0.000684,0.000098,OK,292.4764,225.164,224.1132,1.305039,1.004689,4.5,1,0.0006111463,0.03681339,0.2,0.5,0.003055732,0.07362677,55,34.9978,5,12.7386,197.609177,910.4749,11.16449,0.02023189,0.2357146,43.3877,2.855132,9.999664E-05,0.0009429557,9.8E-05,0.0009241276,35.23991,0.9849712,30.5039,0.468898,17,12.7,9.4,936,102.26,7,100,23.11139,1,30,,0.5697462,482.8659,762.5952,4,25.1
8497_var_CS0.000684_HS0.000147.EDR,0.000684,0.000147,OK,292.5226,222.7337,224.1121,1.305251,0.9938493,4.5,1,0.0006111484,0.03681328,0.2,0.5,0.003055742,0.07362656,55,34.9978,5,12.7386,197.609177,910.4749,11.16449,0.02023189,0.2357146,43.3877,2.855132,0.0001432102,0.0009003027,0.000147,0.0009241276,35.23991,0.9849758,30.52511,-0.6150734,17,12.7,9.4,936,102.26,7,100,23.11139,1,30,,0.5697462,482.9352,762.7361,4,25.1
8497_var_CS0.000684_HS0.000196.EDR,0.000684,0.000196,OK,292.5688,220.3552,224.1111,1.305463,0.9832409,4.5,1,0.0006111506,0.03681318,0.2,0.5,0.003055753,0.07362636,55,34.9978,5,12.7386,197.609177,910.4749,11.16449,0.02023189,0.2357146,43.3877,2.855132,0.0001826919,0.0008613809,0.000196,0.0009241276,35.23991,0.9849802,30.54631,-1.675909,17,12.7,9.4,936,102.26,7,100,23.11139,1,30,,0.5697462,483.0059,762.8741,4,25.1
8497_var_CS0.000684_HS0.000244.EDR,0.000684,0.000244,OK,292.6141,218.0741,224.1102,1.305671,0.9730662,4.5,1,0.0006111526,0.03681308,0.2,0.5,0.003055763,0.07362617,55,34.9978,5,12.7386,197.609177,910.4749,11.16449,0.02023189,0.2357146,43.3877,2.855132,0.0002182016,0.0008264186,0.000244,0.0009241276,35.23991,0.9849843,30.56706,-2.693377,17,12.7,9.4,936,102.26,7,100,23.11139,1,30,,0.5697462,483.0762,763.0065,4,25.1
8497_var_CS0.000684_HS0.000293.EDR,0.000684,0.000293,OK,292.6598,215.7933,224.1091,1.305881,0.9628937,4.5,1,0.0006111536,0.03681299,0.2,0.5,0.003055768,0.07362597,55,34.9978,5,12.7386,197.609177,910.4749,11.16449,0.02023189,0.2357146,43.3877,2.855132,0.0002516056,0.000793569,0.000293,0.0009241276,35.23991,0.9849889,30.58805,-3.710633,17,12.7,9.4,936,102.26,7,100,23.11139,1,30,,0.5697462,483.1477,763.1389,4,25.1
8497_var_CS0.000684_HS0.000342.EDR,0.000684,0.000342,OK,292.6922,213.5527,224.1083,1.30603,0.9528993,4.5,1,0.0006111592,0.03681289,0.2,0.5,0.003055796,0.07362579,55,34.9978,5,12.7386,197.609177,910.4749,11.16449,0.02023189,0.2357146,43.3877,2.855132,0.0002824241,0.0007631459,0.000342,0.0009241276,35.23991,0.9849926,30.60302,-4.710069,17,12.7,9.4,936,102.26,7,100,23.11139,1,30,,0.5697462,483.184,763.2687,4,25.1
8497_var_CS0.000684_HS0.000391.EDR,0.000684,0.000391,OK,292.7246,211.358,224.1075,1.306179,0.9431101,4.5,1,0.0006111648,0.0368128,0.2,0.5,0.003055824,0.0736256,55,34.9978,5,12.7386,197.609177,910.4749,11.16449,0.02023189,0.2357146,43.3877,2.855132,0.0003109751,0.0007349889,0.000391,0.0009241276,35.23991,0.9849961,30.61794,-5.688989,17,12.7,9.4,936,102.26,7,100,23.11139,1,30,,0.5697462,483.2213,763.3961,4,25.1
8497_var_CS0.000684_HS0.000440.EDR,0.000684,0.000440,OK,292.7573,209.2083,224.1067,1.30633,0.9335206,4.5,1,0.0006111703,0.03681271,0.2,0.5,0.003055851,0.07362542,55,34.9978,5,12.7386,197.609177,910.4749,11.16449,0.02023189,0.2357146,43.3877,2.855132,0.0003375042,0.0007088568,0.00044,0.0009241276,35.23991,0.9849995,30.63298,-6.64794,17,12.7,9.4,936,102.26,7,100,23.11139,1,30,,0.5697462,483.2605,763.5207,4,25.1
8497_var_CS0.000782_HS0.000000.EDR,0.000782,0.000000,OK,292.5089,223.4521,224.1124,1.305188,0.9970536,4.5,1,0.0006111478,0.03681331,0.2,0.5,0.003055739,0.07362663,55,34.9978,5,12.7386,197.609177,910.4749,11.16449,0.02023189,0.2357146,43.3877,2.855132,0,0.001043346,0,0.001056532,35.23991,0.9849744,30.5188,-0.2946398,17,12.7,9.4,936,102.26,7,100,23.11139,1,30,,0.5697462,482.9145,762.6945,4,25.1
8497_var_CS0.000782_HS0.000049.EDR,0.000782,0.000049,OK,292.5551,221.0584,224.1114,1.3054,0.9863771,4.5,1,0.0006111499,0.03681321,0.2,0.5,0.00305575,0.07362642,55,34.9978,5,12.7386,197.609177,910.4749,11.16449,0.02023189,0.2357146,43.3877,2.855132,4.626859E-05,0.0009976375,4.9E-05,0.001056532,35.23991,0.9849789,30.54,-1.362289,17,12.7,9.4,936,102.26,7,100,23.11139,1,30,,0.5697462,482.9848,762.8334,4,25.1
8497_var_CS0.000782_HS0.000098.EDR,0.000782,0.000098,OK,292.6013,218.7154,224.1105,1.305612,0.9759268,4.5,1,0.000611152,0.03681311,0.2,0.5,0.00305576,0.07362622,55,34.9978,5,12.7386,197.609177,910.4749,11.16449,0.02023189,0.2357146,43.3877,2.855132,8.865722E-05,0.000955808,9.8E-05,0.001056532,35.23991,0.9849831,30.56119,-2.407327,17,12.7,9.4,936,102.26,7,100,23.11139,1,30,,0.5697462,483.0562,762.9693,4,25.1
8497_var_CS0.000782_HS0.000147.EDR,0.000782,0.000147,OK,292.6473,216.4214,224.1095,1.305823,0.965695,4.5,1,0.0006111537,0.03681301,0.2,0.5,0.003055769,0.07362603,55,34.9978,5,12.7386,197.609177,910.4749,11.16449,0.02023189,0.2357146,43.3877,2.855132,0.0001276395,0.0009173824,0.000147,0.001056532,35.23991,0.9849875,30.58228,-3.430495,17,12.7,9.4,936,102.26,7,100,23.11139,1,30,,0.5697462,483.1282,763.1024,4,25.1
8497_var_CS0.000782_HS0.000196.EDR,0.000782,0.000196,OK,292.6833,214.1697,224.1085,1.305989,0.9556517,4.5,1,0.0006111576,0.03681292,0.2,0.5,0.003055788,0.07362584,55,34.9978,5,12.7386,197.609177,910.4749,11.16449,0.02023189,0.2357146,43.3877,2.855132,0.0001635969,0.0008818642,0.000196,0.001056532,35.23991,0.9849916,30.5989,-4.434829,17,12.7,9.4,936,102.26,7,100,23.11139,1,30,,0.5697462,483.174,763.233,4,25.1
8497_var_CS0.000782_HS0.000244.EDR,0.000782,0.000244,OK,292.7149,212.007,224.1077,1.306135,0.9460049,4.5,1,0.0006111631,0.03681283,0.2,0.5,0.003055816,0.07362565,55,34.9978,5,12.7386,197.609177,910.4749,11.16449,0.02023189,0.2357146,43.3877,2.855132,0.000196217,0.0008496293,0.000244,0.001056532,35.23991,0.9849951,30.61348,-5.399512,17,12.7,9.4,936,102.26,7,100,23.11139,1,30,,0.5697462,483.21,763.3584,4,25.1
8497_var_CS0.000782_HS0.000293.EDR,0.000782,0.000293,OK,292.7476,209.844,224.107,1.306285,0.9363565,4.5,1,0.0006111687,0.03681274,0.2,0.5,0.003055843,0.07362548,55,34.9978,5,12.7386,197.609177,910.4749,11.16449,0.02023189,0.2357146,43.3877,2.855132,0.0002271521,0.0008190904,0.000293,0.001056532,35.23991,0.9849985,30.62849,-6.364346,17,12.7,9.4,936,102.26,7,100,23.11139,1,30,,0.5697462,483.2486,763.4838,4,25.1
8497_var_CS0.000782_HS0.000342.EDR,0.000782,0.000342,OK,292.7805,207.7249,224.1062,1.306436,0.9269036,4.5,1,0.0006111741,0.03681265,0.2,0.5,0.003055871,0.07362529,55,34.9978,5,12.7386,197.609177,910.4749,11.16449,0.02023189,0.2357146,43.3877,2.855132,0.0002559479,0.0007906934,0.000342,0.001056532,35.23991,0.9850018,30.64361,-7.309642,17,12.7,9.4,936,102.26,7,100,23.11139,1,30,,0.5697462,483.289,763.6068,4,25.1
8497_var_CS0.000782_HS0.000391.EDR,0.000782,0.000391,OK,292.8135,205.6481,224.1055,1.306588,0.9176399,4.5,1,0.0006111792,0.03681256,0.2,0.5,0.003055896,0.07362511,55,34.9978,5,12.7386,197.609177,910.4749,11.16449,0.02023189,0.2357146,43.3877,2.855132,0.0002828215,0.0007642199,0.000391,0.001056532,35.23991,0.9850051,30.65878,-8.236011,17,12.7,9.4,936,102.26,7,100,23.11139,1,30,,0.5697462,483.3307,763.7272,4,25.1
8497_var_CS0.000782_HS0.000440.EDR,0.000782,0.000440,OK,292.8391,203.6089,224.1047,1.306707,0.9085438,4.5,1,0.0006111856,0.03681247,0.2,0.5,0.003055928,0.07362494,55,34.9978,5,12.7386,197.609177,910.4749,11.16449,0.02023189,0.2357146,43.3877,2.855132,0.0003079365,0.0007394198,0.00044,0.001056532,35.23991,0.9850085,30.67069,-9.145617,17,12.7,9.4,936,102.26,7,100,23.11139,1,30,,0.5697462,483.3534,763.8455,4,25.1
8497_var_CS0.000880_HS0.000000.EDR,0.000880,0.000000,OK,292.6337,217.0997,224.1098,1.30576,0.9687204,4.5,1,0.0006111535,0.03681304,0.2,0.5,0.003055767,0.07362609,55,34.9978,5,12.7386,197.609177,910.4749,11.16449,0.02023189,0.2357146,43.3877,2.855132,0,0.001044857,0,0.001188936,35.23991,0.9849861,30.57603,-3.127957,17,12.7,9.4,936,102.26,7,100,23.11139,1,30,,0.5697462,483.1069,763.063,4,25.1
8497_var_CS0.000880_HS0.000049.EDR,0.000880,0.000049,OK,292.6737,214.8361,224.1088,1.305945,0.9586244,4.5,1,0.000611156,0.03681295,0.2,0.5,0.00305578,0.07362589,55,34.9978,5,12.7386,197.609177,910.4749,11.16449,0.02023189,0.2357146,43.3877,2.855132,4.137684E-05,0.001003968,4.9E-05,0.001188936,35.23991,0.9849905,30.59449,-4.137563,17,12.7,9.4,936,102.26,7,100,23.11139,1,30,,0.5697462,483.1635,763.1943,4,25.1
8497_var_CS0.000880_HS0.000098.EDR,0.000880,0.000098,OK,292.7059,212.6151,224.108,1.306093,0.9487174,4.5,1,0.0006111616,0.03681285,0.2,0.5,0.003055808,0.07362571,55,34.9978,5,12.7386,197.609177,910.4749,11.16449,0.02023189,0.2357146,43.3877,2.855132,7.963271E-05,0.0009661042,9.8E-05,0.001188936,35.23991,0.9849942,30.60934,-5.128262,17,12.7,9.4,936,102.26,7,100,23.11139,1,30,,0.5697462,483.1996,763.3231,4,25.1
8497_var_CS0.000880_HS0.000147.EDR,0.000880,0.000147,OK,292.7385,210.4397,224.1072,1.306243,0.9390138,4.5,1,0.0006111672,0.03681276,0.2,0.5,0.003055836,0.07362552,55,34.9978,5,12.7386,197.609177,910.4749,11.16449,0.02023189,0.2357146,43.3877,2.855132,0.0001151114,0.000931021,0.000147,0.001188936,35.23991,0.9849976,30.62432,-6.098623,17,12.7,9.4,936,102.26,7,100,23.11139,1,30,,0.5697462,483.2377,763.4493,4,25.1
8497_var_CS0.000880_HS0.000196.EDR,0.000880,0.000196,OK,292.7713,208.3085,224.1064,1.306394,0.9295072,4.5,1,0.0006111726,0.03681267,0.2,0.5,0.003055863,0.07362534,55,34.9978,5,12.7386,197.609177,910.4749,11.16449,0.02023189,0.2357146,43.3877,2.855132,0.0001481079,0.0008984225,0.000196,0.001188936,35.23991,0.9850009,30.63941,-7.049281,17,12.7,9.4,936,102.26,7,100,23.11139,1,30,,0.5697462,483.2776,763.5729,4,25.1
8497_var_CS0.000880_HS0.000244.EDR,0.000880,0.000244,OK,292.8036,206.2624,224.1057,1.306543,0.9203799,4.5,1,0.0006111778,0.03681258,0.2,0.5,0.003055889,0.07362516,55,34.9978,5,12.7386,197.609177,910.4749,11.16449,0.02023189,0.2357146,43.3877,2.855132,0.0001782697,0.0008686527,0.000244,0.001188936,35.23991,0.9850041,30.65427,-7.962013,17,12.7,9.4,936,102.26,7,100,23.11139,1,30,,0.5697462,483.3183,763.6916,4,25.1
8497_var_CS0.000880_HS0.000293.EDR,0.000880,0.000293,OK,292.8329,204.2128,224.1049,1.306678,0.9112376,4.5,1,0.000611183,0.0368125,0.2,0.5,0.003055915,0.07362499,55,34.9978,5,12.7386,197.609177,910.4749,11.16449,0.02023189,0.2357146,43.3877,2.855132,0.0002070622,0.0008402175,0.000293,0.001188936,35.23991,0.9850077,30.66779,-8.876243,17,12.7,9.4,936,102.26,7,100,23.11139,1,30,,0.5697462,483.3504,763.8104,4,25.1
8497_var_CS0.000880_HS0.000342.EDR,0.000880,0.000342,OK,292.8541,202.1997,224.1043,1.306776,0.9022572,4.5,1,0.0006111916,0.03681241,0.2,0.5,0.003055958,0.07362482,55,34.9978,5,12.7386,197.609177,910.4749,11.16449,0.02023189,0.2357146,43.3877,2.855132,0.0002340126,0.0008135263,0.000342,0.001188936,35.23991,0.9850104,30.6776,-9.774277,17,12.7,9.4,936,102.26,7,100,23.11139,1,30,,0.5697462,483.3613,763.9272,4,25.1
8497_var_CS0.000880_HS0.000391.EDR,0.000880,0.000391,OK,292.8757,200.2261,224.1037,1.306876,0.8934531,4.5,1,0.0006112,0.03681233,0.2,0.5,0.003056,0.07362465,55,34.9978,5,12.7386,197.609177,910.4749,11.16449,0.02023189,0.2357146,43.3877,2.855132,0.0002593086,0.0007884947,0.000391,0.001188936,35.23991,0.9850131,30.68762,-10.65469,17,12.7,9.4,936,102.26,7,100,23.11139,1,30,,0.5697462,483.3745,764.0416,4,25.1
8497_var_CS0.000880_HS0.000440.EDR,0.000880,0.000440,OK,292.8979,198.2909,224.1031,1.306978,0.8848201,4.5,1,0.0006112082,0.03681224,0.2,0.5,0.003056041,0.07362448,55,34.9978,5,12.7386,197.609177,910.4749,11.16449,0.02023189,0.2357146,43.3877,2.855132,0.0002831002,0.0007649729,0.00044,0.001188936,35.23991,0.9850156,30.69784,-11.51799,17,12.7,9.4,936,102.26,7,100,23.11139,1,30,,0.5697462,483.3899,764.1538,4,25.1
