filename,FoulResCS,FoulResHS,RunStatus,HtLdTotal,DutyRatio,TempOutSS,TempOutTS,TempInSS,TempInTS,HeatTranRatDirty,HeatTranRatClean,AreaRatioDirty,AreaRatioClean,PresDropCalcSS,PresDropCalcTS,DPratioSS,DPratioTS,VelThruTubesMaxTS,VelCrossFlowMaxSS,RV2BundleEnt,RV2InNoz,LMTD,MTDCorrFactor,ExcessSurfDirty,FoulResSS,FoulResTS
8497_var_CS0.000000_HS0.000000.EDR,0.000000,0.000000,OK,4.5,1,34.9978,12.7386,55,5,290.3813,290.3813,1.295461,1.295461,0.0006115401,0.03681666,0.0030577,0.07363332,11.16449,0.02023189,0.2357146,43.3877,35.23991,0.9847969,29.54612,0,0
8497_var_CS0.000000_HS0.000049.EDR,0.000000,0.000049,OK,4.5,1,34.9978,12.7386,55,5,286.5563,290.6372,1.278244,1.296448,0.0006117849,0.0368177,0.003058924,0.07363541,11.16449,0.02023189,0.2357146,43.3877,35.23991,0.9846789,27.82438,4.9E-05,0
8497_var_CS0.000000_HS0.000098.EDR,0.000000,0.000098,OK,4.5,1,34.9978,12.7386,55,5,282.7095,290.7653,1.261118,1.297053,0.0006117157,0.03681759,0.003058579,0.07363517,11.16449,0.02023189,0.2357146,43.3877,35.23991,0.9847052,26.11179,9.8E-05,0
8497_var_CS0.000000_HS0.000147.EDR,0.000000,0.000147,OK,4.5,1,34.9978,12.7386,55,5,278.962,290.8907,1.244361,1.297572,0.0006116484,0.03681747,0.003058242,0.07363494,11.16449,0.02023189,0.2357146,43.3877,35.23991,0.9846738,24.43614,0.000147,0
8497_var_CS0.000000_HS0.000196.EDR,0.000000,0.000196,OK,4.5,1,34.9978,12.7386,55,5,275.3102,291.0135,1.228111,1.298161,0.0006115826,0.03681736,0.003057913,0.07363471,11.16449,0.02023189,0.2357146,43.3877,35.23991,0.9847052,22.8111,0.000196,0
8497_var_CS0.000000_HS0.000244.EDR,0.000000,0.000244,OK,4.5,1,34.9978,12.7386,55,5,271.8221,291.1313,1.212587,1.298725,0.0006115195,0.03681725,0.003057597,0.07363451,11.16449,0.02023189,0.2357146,43.3877,35.23991,0.9847345,21.25875,0.000244,0
8497_var_CS0.000000_HS0.000293.EDR,0.000000,0.000293,OK,4.5,1,34.9978,12.7386,55,5,268.3494,291.2492,1.197172,1.299334,0.0006114569,0.03681715,0.003057284,0.0736343,11.16449,0.02023189,0.2357146,43.3877,35.23991,0.9847977,19.71723,0.000293,0
8497_var_CS0.000000_HS0.000342.EDR,0.000000,0.000342,OK,4.5,1,34.9978,12.7386,55,5,264.9622,291.3648,1.182086,1.299877,0.0006113958,0.03681704,0.003056979,0.07363409,11.16449,0.02023189,0.2357146,43.3877,35.23991,0.9848182,18.20859,0.000342,0
8497_var_CS0.000000_HS0.000391.EDR,0.000000,0.000391,OK,4.5,1,34.9978,12.7386,55,5,261.651,291.4701,1.167337,1.300372,0.0006113378,0.03681695,0.003056689,0.07363389,11.16449,0.02023189,0.2357146,43.3877,35.23991,0.9848377,16.73369,0.000391,0
8497_var_CS0.000000_HS0.000440.EDR,0.000000,0.000440,OK,4.5,1,34.9978,12.7386,55,5,258.4195,291.5727,1.152941,1.300854,0.0006112818,0.03681685,0.003056409,0.07363371,11.16449,0.02023189,0.2357146,43.3877,35.23991,0.9848562,15.29413,0.00044,0
8497_var_CS0.000098_HS0.000000.EDR,0.000098,0.000000,OK,4.5,1,34.9978,12.7386,55,5,280.0681,290.8537,1.249358,1.297471,0.0006116684,0.0368175,0.003058342,0.073635,11.16449,0.02023189,0.2357146,43.3877,35.23991,0.9847228,24.93577,0,0.0001324043
8497_var_CS0.000098_HS0.000049.EDR,0.000098,0.000049,OK,4.5,1,34.9978,12.7386,55,5,276.3882,290.9772,1.232908,1.297987,0.000611602,0.03681739,0.00305801,0.07363478,11.16449,0.02023189,0.2357146,43.3877,35.23991,0.984696,23.29081,4.9E-05,0.0001324043
8497_var_CS0.000098_HS0.000098.EDR,0.000098,0.000098,OK,4.5,1,34.9978,12.7386,55,5,272.8013,291.0982,1.216945,1.298566,0.0006115372,0.03681728,0.003057686,0.07363456,11.16449,0.02023189,0.2357146,43.3877,35.23991,0.9847264,21.69455,9.8E-05,0.0001324043
8497_var_CS0.000098_HS0.000147.EDR,0.000098,0.000147,OK,4.5,1,34.9978,12.7386,55,5,269.3043,291.2168,1.201425,1.299182,0.0006114742,0.03681718,0.003057371,0.07363435,11.16449,0.02023189,0.2357146,43.3877,35.23991,0.9847918,20.14251,0.000147,0.0001324043
8497_var_CS0.000098_HS0.000196.EDR,0.000098,0.000196,OK,4.5,1,34.9978,12.7386,55,5,265.8936,291.333,1.186234,1.299727,0.0006114125,0.03681707,0.003057063,0.07363414,11.16449,0.02023189,0.2357146,43.3877,35.23991,0.9848126,18.62345,0.000196,0.0001324043
8497_var_CS0.000098_HS0.000244.EDR,0.000098,0.000244,OK,4.5,1,34.9978,12.7386,55,5,262.629,291.4391,1.171693,1.300227,0.0006113549,0.03681698,0.003056774,0.07363395,11.16449,0.02023189,0.2357146,43.3877,35.23991,0.984832,17.16933,0.000244,0.0001324043
8497_var_CS0.000098_HS0.000293.EDR,0.000098,0.000293,OK,4.5,1,34.9978,12.7386,55,5,259.3739,291.5423,1.157193,1.300712,0.0006112984,0.03681688,0.003056492,0.07363376,11.16449,0.02023189,0.2357146,43.3877,35.23991,0.9848508,15.71929,0.000293,0.0001324043
8497_var_CS0.000098_HS0.000342.EDR,0.000098,0.000342,OK,4.5,1,34.9978,12.7386,55,5,256.1943,291.6402,1.143028,1.301172,0.000611244,0.03681679,0.00305622,0.07363358,11.16449,0.02023189,0.2357146,43.3877,35.23991,0.9848686,14.30281,0.000342,0.0001324043
8497_var_CS0.000098_HS0.000391.EDR,0.000098,0.000391,OK,4.5,1,34.9978,12.7386,55,5,253.0782,291.7201,1.129155,1.301563,0.0006111945,0.03681671,0.003055972,0.07363341,11.16449,0.02023189,0.2357146,43.3877,35.23991,0.9848949,12.91554,0.000391,0.0001324043
8497_var_CS0.000098_HS0.000440.EDR,0.000098,0.000440,OK,4.5,1,34.9978,12.7386,55,5,250.0502,291.818,1.115661,1.302018,0.0006111458,0.03681662,0.003055729,0.07363325,11.16449,0.02023189,0.2357146,43.3877,35.23991,0.9849086,11.56608,0.00044,0.0001324043
8497_var_CS0.000196_HS0.000000.EDR,0.000196,0.000000,OK,4.5,1,34.9978,12.7386,55,5,270.3368,291.1817,1.205976,1.298966,0.0006114928,0.03681721,0.003057464,0.07363442,11.16449,0.02023189,0.2357146,43.3877,35.23991,0.9847467,20.59761,0,0.0002648085
8497_var_CS0.000196_HS0.000049.EDR,0.000196,0.000049,OK,4.5,1,34.9978,12.7386,55,5,266.9007,291.2986,1.19072,1.299566,0.0006114308,0.0368171,0.003057154,0.07363421,11.16449,0.02023189,0.2357146,43.3877,35.23991,0.9848065,19.07201,4.9E-05,0.0002648085
8497_var_CS0.000196_HS0.000098.EDR,0.000196,0.000098,OK,4.5,1,34.9978,12.7386,55,5,263.5465,291.4102,1.17578,1.300091,0.0006113708,0.036817,0.003056854,0.07363401,11.16449,0.02023189,0.2357146,43.3877,35.23991,0.9848266,17.57799,9.8E-05,0.0002648085
8497_var_CS0.000196_HS0.000147.EDR,0.000196,0.000147,OK,4.5,1,34.9978,12.7386,55,5,260.2691,291.5139,1.161181,1.300578,0.0006113139,0.03681691,0.003056569,0.07363381,11.16449,0.02023189,0.2357146,43.3877,35.23991,0.9848456,16.11809,0.000147,0.0002648085
8497_var_CS0.000196_HS0.000196.EDR,0.000196,0.000196,OK,4.5,1,34.9978,12.7386,55,5,257.0708,291.6157,1.146933,1.301056,0.0006112583,0.03681681,0.003056292,0.07363363,11.16449,0.02023189,0.2357146,43.3877,35.23991,0.9848638,14.69327,0.000196,0.0002648085
8497_var_CS0.000196_HS0.000244.EDR,0.000196,0.000244,OK,4.5,1,34.9978,12.7386,55,5,253.9955,291.6924,1.133244,1.301435,0.0006112091,0.03681673,0.003056045,0.07363346,11.16449,0.02023189,0.2357146,43.3877,35.23991,0.9848912,13.32439,0.000244,0.0002648085
8497_var_CS0.000196_HS0.000293.EDR,0.000196,0.000293,OK,4.5,1,34.9978,12.7386,55,5,250.9442,291.7884,1.119645,1.301881,0.0006111602,0.03681665,0.003055801,0.0736333,11.16449,0.02023189,0.2357146,43.3877,35.23991,0.9849045,11.9645,0.000293,0.0002648085
8497_var_CS0.000196_HS0.000342.EDR,0.000196,0.000342,OK,4.5,1,34.9978,12.7386,55,5,247.9658,291.8851,1.106372,1.302331,0.0006111133,0.03681657,0.003055567,0.07363314,11.16449,0.02023189,0.2357146,43.3877,35.23991,0.9849188,10.63724,0.000342,0.0002648085
8497_var_CS0.000196_HS0.000391.EDR,0.000196,0.000391,OK,4.5,1,34.9978,12.7386,55,5,245.0181,291.9262,1.093292,1.302601,0.0006109679,0.03739354,0.00305484,0.07478708,11.16475,0.02023189,0.2357146,43.3877,35.23991,0.9849837,9.329223,0.000391,0.0002648085
8497_var_CS0.000196_HS0.000440.EDR,0.000196,0.000440,OK,4.5,1,34.9978,12.7386,55,5,242.1566,291.992,1.080572,1.302952,0.0006108974,0.03739354,0.003054487,0.07478708,11.16475,0.02023189,0.2357146,43.3877,35.23991,0.9850271,8.057158,0.00044,0.0002648085
8497_var_CS0.000293_HS0.000000.EDR,0.000293,0.000000,OK,4.5,1,34.9978,12.7386,55,5,261.3269,291.4803,1.165893,1.300421,0.0006113322,0.03681694,0.003056661,0.07363387,11.16449,0.02023189,0.2357146,43.3877,35.23991,0.9848396,16.58929,0,0.0003958617
8497_var_CS0.000293_HS0.000049.EDR,0.000293,0.000049,OK,4.5,1,34.9978,12.7386,55,5,258.1032,291.5828,1.151532,1.300902,0.0006112764,0.03681684,0.003056382,0.07363369,11.16449,0.02023189,0.2357146,43.3877,35.23991,0.9848579,15.1532,4.9E-05,0.0003958617
8497_var_CS0.000293_HS0.000098.EDR,0.000293,0.000098,OK,4.5,1,34.9978,12.7386,55,5,254.9492,291.6737,1.137481,1.301331,0.0006112243,0.03681676,0.003056121,0.07363351,11.16449,0.02023189,0.2357146,43.3877,35.23991,0.9848756,13.74807,9.8E-05,0.0003958617
8497_var_CS0.000293_HS0.000147.EDR,0.000293,0.000147,OK,4.5,1,34.9978,12.7386,55,5,251.8664,291.758,1.123755,1.301739,0.000611175,0.03681667,0.003055875,0.07363334,11.16449,0.02023189,0.2357146,43.3877,35.23991,0.9849002,12.37545,0.000147,0.0003958617
8497_var_CS0.000293_HS0.000196.EDR,0.000293,0.000196,OK,4.5,1,34.9978,12.7386,55,5,248.868,291.8573,1.110393,1.302201,0.0006111265,0.03681659,0.003055632,0.07363319,11.16449,0.02023189,0.2357146,43.3877,35.23991,0.9849142,11.03926,0.000196,0.0003958617
8497_var_CS0.000293_HS0.000244.EDR,0.000293,0.000244,OK,4.5,1,34.9978,12.7386,55,5,245.9639,291.9046,1.097496,1.302485,0.0006109912,0.03739354,0.003054956,0.07478708,11.16475,0.02023189,0.2357146,43.3877,35.23991,0.9849693,9.749622,0.000244,0.0003958617
8497_var_CS0.000293_HS0.000293.EDR,0.000293,0.000293,OK,4.5,1,34.9978,12.7386,55,5,243.0806,291.9707,1.084679,1.302838,0.0006109202,0.03739354,0.003054601,0.07478708,11.16475,0.02023189,0.2357146,43.3877,35.23991,0.9850132,8.467918,0.000293,0.0003958617
8497_var_CS0.000293_HS0.000342.EDR,0.000293,0.000342,OK,4.5,1,34.9978,12.7386,55,5,240.3103,292.1052,1.072235,1.303337,0.0006111619,0.03681405,0.00305581,0.0736281,11.16449,0.02023189,0.2357146,43.3877,35.23991,0.984937,7.223496,0.000342,0.0003958617
8497_var_CS0.000293_HS0.000391.EDR,0.000293,0.000391,OK,4.5,1,34.9978,12.7386,55,5,237.5625,292.1792,1.059982,1.303677,0.0006111566,0.03681393,0.003055783,0.07362785,11.16449,0.02023189,0.2357146,43.3877,35.23991,0.984944,5.998198,0.000391,0.0003958617
8497_var_CS0.000293_HS0.000440.EDR,0.000293,0.000440,OK,4.5,1,34.9978,12.7386,55,5,234.8721,292.2461,1.047985,1.303983,0.0006111531,0.03681381,0.003055765,0.07362762,11.16449,0.02023189,0.2357146,43.3877,35.23991,0.9849504,4.798462,0.00044,0.0003958617
8497_var_CS0.000391_HS0.000000.EDR,0.000391,0.000000,OK,4.5,1,34.9978,12.7386,55,5,252.7741,291.7293,1.1278,1.301606,0.0006111895,0.0368167,0.003055948,0.0736334,11.16449,0.02023189,0.2357146,43.3877,35.23991,0.9848962,12.78001,0,0.000528266
8497_var_CS0.000391_HS0.000049.EDR,0.000391,0.000049,OK,4.5,1,34.9978,12.7386,55,5,249.7538,291.8279,1.11434,1.302064,0.0006111411,0.03681662,0.003055705,0.07363323,11.16449,0.02023189,0.2357146,43.3877,35.23991,0.98491,11.43399,4.9E-05,0.000528266
8497_var_CS0.000391_HS0.000098.EDR,0.000391,0.000098,OK,4.5,1,34.9978,12.7386,55,5,246.776,291.8862,1.101106,1.302386,0.0006110111,0.03739354,0.003055056,0.07478708,11.16475,0.02023189,0.2357146,43.3877,35.23991,0.9849566,10.11057,9.8E-05,0.000528266
8497_var_CS0.000391_HS0.000147.EDR,0.000391,0.000147,OK,4.5,1,34.9978,12.7386,55,5,243.8738,291.9525,1.088206,1.302741,0.0006109397,0.03739354,0.003054699,0.07478708,11.16475,0.02023189,0.2357146,43.3877,35.23991,0.9850012,8.82057,0.000147,0.000528266
8497_var_CS0.000391_HS0.000196.EDR,0.000391,0.000196,OK,4.5,1,34.9978,12.7386,55,5,241.0386,292.0179,1.075601,1.303089,0.0006108702,0.03739354,0.003054351,0.07478708,11.16475,0.02023189,0.2357146,43.3877,35.23991,0.9850439,7.560122,0.000196,0.000528266
8497_var_CS0.000391_HS0.000244.EDR,0.000391,0.000244,OK,4.5,1,34.9978,12.7386,55,5,238.3746,292.1574,1.063603,1.303577,0.000611158,0.03681396,0.00305579,0.07362793,11.16449,0.02023189,0.2357146,43.3877,35.23991,0.984942,6.360335,0.000244,0.000528266
8497_var_CS0.000391_HS0.000293.EDR,0.000391,0.000293,OK,4.5,1,34.9978,12.7386,55,5,235.6678,292.2271,1.051533,1.303897,0.0006111537,0.03681385,0.003055769,0.07362769,11.16449,0.02023189,0.2357146,43.3877,35.23991,0.9849486,5.153284,0.000293,0.000528266
8497_var_CS0.000391_HS0.000342.EDR,0.000391,0.000342,OK,4.5,1,34.9978,12.7386,55,5,233.0177,292.2905,1.039714,1.304187,0.0006111515,0.03681373,0.003055758,0.07362746,11.16449,0.02023189,0.2357146,43.3877,35.23991,0.9849545,3.971442,0.000342,0.000528266
8497_var_CS0.000391_HS0.000391.EDR,0.000391,0.000391,OK,4.5,1,34.9978,12.7386,55,5,230.4263,292.3535,1.028157,1.304475,0.0006111495,0.03681361,0.003055748,0.07362723,11.16449,0.02023189,0.2357146,43.3877,35.23991,0.98496,2.815744,0.000391,0.000528266
8497_var_CS0.000391_HS0.000440.EDR,0.000391,0.000440,OK,4.5,1,34.9978,12.7386,55,5,227.8916,292.416,1.016853,1.304761,0.0006111476,0.0368135,0.003055738,0.073627,11.16449,0.02023189,0.2357146,43.3877,35.23991,0.9849652,1.685318,0.00044,0.000528266
8497_var_CS0.000489_HS0.000000.EDR,0.000489,0.000000,OK,4.5,1,34.9978,12.7386,55,5,244.7312,291.9328,1.092017,1.302636,0.0006109609,0.03739354,0.003054804,0.07478708,11.16475,0.02023189,0.2357146,43.3877,35.23991,0.9849882,9.201689,0,0.0006606702
8497_var_CS0.000489_HS0.000049.EDR,0.000489,0.000049,OK,4.5,1,34.9978,12.7386,55,5,241.8763,291.9985,1.079325,1.302986,0.0006108905,0.03739354,0.003054452,0.07478708,11.16475,0.02023189,0.2357146,43.3877,35.23991,0.9850314,7.932541,4.9E-05,0.0006606702
8497_var_CS0.000489_HS0.000098.EDR,0.000489,0.000098,OK,4.5,1,34.9978,12.7386,55,5,239.136,292.1371,1.066999,1.303484,0.0006111594,0.036814,0.003055797,0.07362799,11.16449,0.02023189,0.2357146,43.3877,35.23991,0.9849401,6.699879,9.8E-05,0.0006606702
8497_var_CS0.000489_HS0.000147.EDR,0.000489,0.000147,OK,4.5,1,34.9978,12.7386,55,5,236.4137,292.2095,1.05486,1.303816,0.0006111543,0.03681388,0.003055772,0.07362776,11.16449,0.02023189,0.2357146,43.3877,35.23991,0.984947,5.485955,0.000147,0.0006606702
8497_var_CS0.000489_HS0.000196.EDR,0.000489,0.000196,OK,4.5,1,34.9978,12.7386,55,5,233.747,292.2729,1.042967,1.304107,0.0006111521,0.03681376,0.00305576,0.07362752,11.16449,0.02023189,0.2357146,43.3877,35.23991,0.9849529,4.296702,0.000196,0.0006606702
8497_var_CS0.000489_HS0.000244.EDR,0.000489,0.000244,OK,4.5,1,34.9978,12.7386,55,5,231.1922,292.3347,1.031573,1.30439,0.0006111501,0.03681365,0.00305575,0.07362729,11.16449,0.02023189,0.2357146,43.3877,35.23991,0.9849584,3.157314,0.000244,0.0006606702
8497_var_CS0.000489_HS0.000293.EDR,0.000489,0.000293,OK,4.5,1,34.9978,12.7386,55,5,228.6408,292.3974,1.020195,1.304676,0.0006111482,0.03681354,0.003055741,0.07362707,11.16449,0.02023189,0.2357146,43.3877,35.23991,0.9849637,2.019448,0.000293,0.0006606702
8497_var_CS0.000489_HS0.000342.EDR,0.000489,0.000342,OK,4.5,1,34.9978,12.7386,55,5,226.1439,292.4581,1.009059,1.304955,0.0006111454,0.03681343,0.003055727,0.07362685,11.16449,0.02023189,0.2357146,43.3877,35.23991,0.9849694,0.9059179,0.000342,0.0006606702
8497_var_CS0.000489_HS0.000391.EDR,0.000489,0.000391,OK,4.5,1,34.9978,12.7386,55,5,223.6924,292.5043,0.9981255,1.305167,0.0006111476,0.03681332,0.003055738,0.07362664,11.16449,0.02023189,0.2357146,43.3877,35.23991,0.984974,-0.1874479,0.000391,0.0006606702
8497_var_CS0.000489_HS0.000440.EDR,0.000489,0.000440,OK,4.5,1,34.9978,12.7386,55,5,221.2936,292.5505,0.9874262,1.305379,0.0006111497,0.03681322,0.003055749,0.07362644,11.16449,0.02023189,0.2357146,43.3877,35.23991,0.9849785,-1.257382,0.00044,0.0006606702
8497_var_CS0.000587_HS0.000000.EDR,0.000587,0.000000,OK,4.5,1,34.9978,12.7386,55,5,237.2185,292.1884,1.058448,1.303719,0.000611156,0.03681391,0.00305578,0.07362782,11.16449,0.02023189,0.2357146,43.3877,35.23991,0.9849449,5.844792,0,0.0007930745
8497_var_CS0.000587_HS0.000049.EDR,0.000587,0.000049,OK,4.5,1,34.9978,12.7386,55,5,234.5351,292.2541,1.046481,1.30402,0.0006111528,0.03681379,0.003055764,0.07362759,11.16449,0.02023189,0.2357146,43.3877,35.23991,0.9849511,4.64815,4.9E-05,0.0007930745
8497_var_CS0.000587_HS0.000098.EDR,0.000587,0.000098,OK,4.5,1,34.9978,12.7386,55,5,231.9101,292.3173,1.034775,1.30431,0.0006111506,0.03681368,0.003055753,0.07362736,11.16449,0.02023189,0.2357146,43.3877,35.23991,0.9849568,3.477516,9.8E-05,0.0007930745
8497_var_CS0.000587_HS0.000147.EDR,0.000587,0.000147,OK,4.5,1,34.9978,12.7386,55,5,229.3431,292.3801,1.023327,1.304597,0.0006111487,0.03681357,0.003055743,0.07362714,11.16449,0.02023189,0.2357146,43.3877,35.23991,0.9849622,2.332654,0.000147,0.0007930745
8497_var_CS0.000587_HS0.000196.EDR,0.000587,0.000196,OK,4.5,1,34.9978,12.7386,55,5,226.8318,292.4422,1.012127,1.304882,0.0006111463,0.03681346,0.003055731,0.07362691,11.16449,0.02023189,0.2357146,43.3877,35.23991,0.9849676,1.212679,0.000196,0.0007930745
8497_var_CS0.000587_HS0.000244.EDR,0.000587,0.000244,OK,4.5,1,34.9978,12.7386,55,5,224.4171,292.4905,1.001358,1.305104,0.000611147,0.03681335,0.003055735,0.07362671,11.16449,0.02023189,0.2357146,43.3877,35.23991,0.9849727,0.1357505,0.000244,0.0007930745
8497_var_CS0.000587_HS0.000293.EDR,0.000587,0.000293,OK,4.5,1,34.9978,12.7386,55,5,222.0027,292.5367,0.9905891,1.305316,0.0006111491,0.03681325,0.003055745,0.0736265,11.16449,0.02023189,0.2357146,43.3877,35.23991,0.9849772,-0.941084,0.000293,0.0007930745
8497_var_CS0.000587_HS0.000342.EDR,0.000587,0.000342,OK,4.5,1,34.9978,12.7386,55,5,219.6398,292.5829,0.9800498,1.305528,0.0006111512,0.03681315,0.003055756,0.0736263,11.16449,0.02023189,0.2357146,43.3877,35.23991,0.9849815,-1.995013,0.000342,0.0007930745
8497_var_CS0.000587_HS0.000391.EDR,0.000587,0.000391,OK,4.5,1,34.9978,12.7386,55,5,217.3266,292.6291,0.9697323,1.305739,0.0006111533,0.03681305,0.003055766,0.0736261,11.16449,0.02023189,0.2357146,43.3877,35.23991,0.9849856,-3.026769,0.000391,0.0007930745
8497_var_CS0.000587_HS0.000440.EDR,0.000587,0.000440,OK,4.5,1,34.9978,12.7386,55,5,215.0591,292.6705,0.9596186,1.30593,0.0006111554,0.03681296,0.003055777,0.07362591,11.16449,0.02023189,0.2357146,43.3877,35.23991,0.9849902,-4.038135,0.00044,0.0007930745
8497_var_CS0.000684_HS0.000000.EDR,0.000684,0.000000,OK,4.5,1,34.9978,12.7386,55,5,230.1723,292.3597,1.027025,1.304504,0.0006111493,0.0368136,0.003055747,0.0736272,11.16449,0.02023189,0.2357146,43.3877,35.23991,0.9849605,2.70247,0,0.0009241276
8497_var_CS0.000684_HS0.000049.EDR,0.000684,0.000049,OK,4.5,1,34.9978,12.7386,55,5,227.6431,292.4222,1.015745,1.30479,0.0006111474,0.03681349,0.003055737,0.07362698,11.16449,0.02023189,0.2357146,43.3877,35.23991,0.9849657,1.574503,4.9E-05,0.0009241276
8497_var_CS0.000684_HS0.000098.EDR,0.000684,0.000098,OK,4.5,1,34.9978,12.7386,55,5,225.164,292.4764,1.004689,1.305039,0.0006111463,0.03681339,0.003055732,0.07362677,11.16449,0.02023189,0.2357146,43.3877,35.23991,0.9849712,0.468898,9.8E-05,0.0009241276
8497_var_CS0.000684_HS0.000147.EDR,0.000684,0.000147,OK,4.5,1,34.9978,12.7386,55,5,222.7337,292.5226,0.9938493,1.305251,0.0006111484,0.03681328,0.003055742,0.07362656,11.16449,0.02023189,0.2357146,43.3877,35.23991,0.9849758,-0.6150734,0.000147,0.0009241276
8497_var_CS0.000684_HS0.000196.EDR,0.000684,0.000196,OK,4.5,1,34.9978,12.7386,55,5,220.3552,292.5688,0.9832409,1.305463,0.0006111506,0.03681318,0.003055753,0.07362636,11.16449,0.02023189,0.2357146,43.3877,35.23991,0.9849802,-1.675909,0.000196,0.0009241276
8497_var_CS0.000684_HS0.000244.EDR,0.000684,0.000244,OK,4.5,1,34.9978,12.7386,55,5,218.0741,292.6141,0.9730662,1.305671,0.0006111526,0.03681308,0.003055763,0.07362617,11.16449,0.02023189,0.2357146,43.3877,35.23991,0.9849843,-2.693377,0.000244,0.0009241276
8497_var_CS0.000684_HS0.000293.EDR,0.000684,0.000293,OK,4.5,1,34.9978,12.7386,55,5,215.7933,292.6598,0.9628937,1.305881,0.0006111536,0.03681299,0.003055768,0.07362597,11.16449,0.02023189,0.2357146,43.3877,35.23991,0.9849889,-3.710633,0.000293,0.0009241276
8497_var_CS0.000684_HS0.000342.EDR,0.000684,0.000342,OK,4.5,,,,,,,,,,,,,,,,,,,,,,
8497_var_CS0.000684_HS0.000391.EDR,0.000684,0.000391,OK,4.5,1,34.9978,12.7386,55,5,211.358,292.7246,0.9431101,1.306179,0.0006111648,0.0368128,0.003055824,0.0736256,11.16449,0.02023189,0.2357146,43.3877,35.23991,0.9849961,-5.688989,0.000391,0.0009241276
8497_var_CS0.000684_HS0.000440.EDR,0.000684,0.000440,OK,4.5,,,,,,,,,,,,,,,,,,,,,,
8497_var_CS0.000782_HS0.000000.EDR,0.000782,0.000000,OK,4.5,1,34.9978,12.7386,55,5,223.4521,292.5089,0.9970536,1.305188,0.0006111478,0.03681331,0.003055739,0.07362663,11.16449,0.02023189,0.2357146,43.3877,35.23991,0.9849744,-0.2946398,0,0.001056532
8497_var_CS0.000782_HS0.000049.EDR,0.000782,0.000049,OK,4.5,1,34.9978,12.7386,55,5,221.0584,292.5551,0.9863771,1.3054,0.0006111499,0.03681321,0.00305575,0.07362642,11.16449,0.02023189,0.2357146,43.3877,35.23991,0.9849789,-1.362289,4.9E-05,0.001056532
8497_var_CS0.000782_HS0.000098.EDR,0.000782,0.000098,OK,4.5,1,34.9978,12.7386,55,5,218.7154,292.6013,0.9759268,1.305612,0.000611152,0.03681311,0.00305576,0.07362622,11.16449,0.02023189,0.2357146,43.3877,35.23991,0.9849831,-2.407327,9.8E-05,0.001056532
8497_var_CS0.000782_HS0.000147.EDR,0.000782,0.000147,OK,4.5,1,34.9978,12.7386,55,5,216.4214,292.6473,0.965695,1.305823,0.0006111537,0.03681301,0.003055769,0.07362603,11.16449,0.02023189,0.2357146,43.3877,35.23991,0.9849875,-3.430495,0.000147,0.001056532
8497_var_CS0.000782_HS0.000196.EDR,0.000782,0.000196,OK,4.5,1,34.9978,12.7386,55,5,214.1697,292.6833,0.9556517,1.305989,0.0006111576,0.03681292,0.003055788,0.07362584,11.16449,0.02023189,0.2357146,43.3877,35.23991,0.9849916,-4.434829,0.000196,0.001056532
8497_var_CS0.000782_HS0.000244.EDR,0.000782,0.000244,OK,4.5,1,34.9978,12.7386,55,5,212.007,292.7149,0.9460049,1.306135,0.0006111631,0.03681283,0.003055816,0.07362565,11.16449,0.02023189,0.2357146,43.3877,35.23991,0.9849951,-5.399512,0.000244,0.001056532
8497_var_CS0.000782_HS0.000293.EDR,0.000782,0.000293,OK,4.5,1,34.9978,12.7386,55,5,209.844,292.7476,0.9363565,1.306285,0.0006111687,0.03681274,0.003055843,0.07362548,11.16449,0.02023189,0.2357146,43.3877,35.23991,0.9849985,-6.364346,0.000293,0.001056532
8497_var_CS0.000782_HS0.000342.EDR,0.000782,0.000342,OK,4.5,1,34.9978,12.7386,55,5,207.7249,292.7805,0.9269036,1.306436,0.0006111741,0.03681265,0.003055871,0.07362529,11.16449,0.02023189,0.2357146,43.3877,35.23991,0.9850018,-7.309642,0.000342,0.001056532
8497_var_CS0.000782_HS0.000391.EDR,0.000782,0.000391,OK,4.5,1,34.9978,12.7386,55,5,205.6481,292.8135,0.9176399,1.306588,0.0006111792,0.03681256,0.003055896,0.07362511,11.16449,0.02023189,0.2357146,43.3877,35.23991,0.9850051,-8.236011,0.000391,0.001056532
8497_var_CS0.000782_HS0.000440.EDR,0.000782,0.000440,OK,4.5,1,34.9978,12.7386,55,5,203.6089,292.8391,0.9085438,1.306707,0.0006111856,0.03681247,0.003055928,0.07362494,11.16449,0.02023189,0.2357146,43.3877,35.23991,0.9850085,-9.145617,0.00044,0.001056532
8497_var_CS0.000880_HS0.000000.EDR,0.000880,0.000000,OK,4.5,1,34.9978,12.7386,55,5,217.0997,292.6337,0.9687204,1.30576,0.0006111535,0.03681304,0.003055767,0.07362609,11.16449,0.02023189,0.2357146,43.3877,35.23991,0.9849861,-3.127957,0,0.001188936
8497_var_CS0.000880_HS0.000049.EDR,0.000880,0.000049,OK,4.5,1,34.9978,12.7386,55,5,214.8361,292.6737,0.9586244,1.305945,0.000611156,0.03681295,0.00305578,0.07362589,11.16449,0.02023189,0.2357146,43.3877,35.23991,0.9849905,-4.137563,4.9E-05,0.001188936
8497_var_CS0.000880_HS0.000098.EDR,0.000880,0.000098,OK,4.5,1,34.9978,12.7386,55,5,212.6151,292.7059,0.9487174,1.306093,0.0006111616,0.03681285,0.003055808,0.07362571,11.16449,0.02023189,0.2357146,43.3877,35.23991,0.9849942,-5.128262,9.8E-05,0.001188936
8497_var_CS0.000880_HS0.000147.EDR,0.000880,0.000147,OK,4.5,1,34.9978,12.7386,55,5,210.4397,292.7385,0.9390138,1.306243,0.0006111672,0.03681276,0.003055836,0.07362552,11.16449,0.02023189,0.2357146,43.3877,35.23991,0.9849976,-6.098623,0.000147,0.001188936
8497_var_CS0.000880_HS0.000196.EDR,0.000880,0.000196,OK,4.5,1,34.9978,12.7386,55,5,208.3085,292.7713,0.9295072,1.306394,0.0006111726,0.03681267,0.003055863,0.07362534,11.16449,0.02023189,0.2357146,43.3877,35.23991,0.9850009,-7.049281,0.000196,0.001188936
8497_var_CS0.000880_HS0.000244.EDR,0.000880,0.000244,OK,4.5,1,34.9978,12.7386,55,5,206.2624,292.8036,0.9203799,1.306543,0.0006111778,0.03681258,0.003055889,0.07362516,11.16449,0.02023189,0.2357146,43.3877,35.23991,0.9850041,-7.962013,0.000244,0.001188936
8497_var_CS0.000880_HS0.000293.EDR,0.000880,0.000293,OK,4.5,1,34.9978,12.7386,55,5,204.2128,292.8329,0.9112376,1.306678,0.000611183,0.0368125,0.003055915,0.07362499,11.16449,0.02023189,0.2357146,43.3877,35.23991,0.9850077,-8.876243,0.000293,0.001188936
8497_var_CS0.000880_HS0.000342.EDR,0.000880,0.000342,OK,4.5,1,34.9978,12.7386,55,5,202.1997,292.8541,0.9022572,1.306776,0.0006111916,0.03681241,0.003055958,0.07362482,11.16449,0.02023189,0.2357146,43.3877,35.23991,0.9850104,-9.774277,0.000342,0.001188936
8497_var_CS0.000880_HS0.000391.EDR,0.000880,0.000391,OK,4.5,1,34.9978,12.7386,55,5,200.2261,292.8757,0.8934531,1.306876,0.0006112,0.03681233,0.003056,0.07362465,11.16449,0.02023189,0.2357146,43.3877,35.23991,0.9850131,-10.65469,0.000391,0.001188936
8497_var_CS0.000880_HS0.000440.EDR,0.000880,0.000440,OK,4.5,1,34.9978,12.7386,55,5,198.2909,292.8979,0.8848201,1.306978,0.0006112082,0.03681224,0.003056041,0.07362448,11.16449,0.02023189,0.2357146,43.3877,35.23991,0.9850156,-11.51799,0.00044,0.001188936
